,Prob,Word
0,0.061935411020776876,error
1,0.041610207768744356,email
2,0.02625338753387534,send
3,0.02184959349593496,account
4,0.017615176151761516,contact
5,0.017163504968383016,messag
6,0.01614724480578139,test
7,0.01479223125564589,work
8,0.012646793134598013,login
9,0.0121386630532972,server
10,0.011630532971996387,object
11,0.011404697380307137,creat
12,0.01084010840108401,address
13,0.010727190605239386,mail
14,0.010727190605239386,id
15,0.010501355013550135,lead
16,0.00993676603432701,case
17,0.009767389340560073,receiv
18,0.009598012646793134,connect
19,0.009428635953026197,check
20,0.009428635953026197,fail
21,0.009428635953026197,custom
22,0.008976964769647697,im
23,0.008751129177958446,problem
24,0.008525293586269196,trigger
25,0.007904245709123759,configur
26,0.007565492321589882,log
27,0.007565492321589882,chatter
28,0.007565492321589882,fine
29,0.006549232158988257,valid
