,Prob,Word
0,0.06946124830972884,file
1,0.03693687282043983,script
2,0.025478613621806277,function
3,0.023414703579816384,drive
4,0.018859867625080066,upload
5,0.017507650701017723,project
6,0.016155433776955375,import
7,0.014660878229307523,document
8,0.013023984058074159,folder
9,0.012169952316561098,im
10,0.01103124332787702,calendar
11,0.009963703650985695,sheet
12,0.009963703650985695,ive
13,0.009963703650985695,export
14,0.009963703650985695,librari
15,0.009536687780229165,work
16,0.009109671909472636,attach
17,0.008967333285887126,problem
18,0.008824994662301616,pdf
19,0.008611486726923351,run
20,0.008113301544374067,picker
21,0.007970962920788556,version
22,0.007757454985410291,server
23,0.0072592698028610065,find
24,0.007116931179275496,spreadsheet
25,0.007045761867482741,imag
26,0.006974592555689986,chart
27,0.0064764073731407015,extens
28,0.0064764073731407015,read
29,0.006049391502384172,csv
