,Prob,Word
0,0.08829893475366178,error
1,0.06133488681757657,email
2,0.036368175765645806,send
3,0.022470039946737682,server
4,0.021970705725699067,messag
5,0.021887483355525966,work
6,0.01581225033288948,mail
7,0.015562583222370172,im
8,0.015229693741677763,address
9,0.01514647137150466,run
10,0.0131491344873502,receiv
11,0.013065912117177097,fail
12,0.011318242343541944,connect
13,0.010486018641810918,problem
14,0.010402796271637817,configur
15,0.00890479360852197,ive
16,0.008738348868175766,check
17,0.00790612516644474,fine
18,0.00790612516644474,test
19,0.0077396804260985354,domain
20,0.00757323568575233,account
21,0.00690745672436751,set
22,0.0063249001331557924,miss
23,0.006241677762982689,correct
24,0.00590878828229028,correctli
25,0.005825565912117177,fix
26,0.005825565912117177,throw
27,0.005742343541944074,success
28,0.005659121171770972,invalid
29,0.005492676431424767,notif
