,Prob,Word
0,0.07512936817223535,api
1,0.033092697885389384,request
2,0.03245384271385677,url
3,0.022807129623714305,crm
4,0.022551587555101258,respons
5,0.020315594454737112,post
6,0.01507698204816968,json
7,0.01418258480802402,rest
8,0.013927042739410976,token
9,0.012904874464958794,paramet
10,0.012840988947805533,im
11,0.012074362741966396,access
12,0.010668881364594646,integr
13,0.010157797227368556,document
14,0.010093911710215293,return
15,0.009838369641602248,xml
16,0.009838369641602248,method
17,0.008752315849996806,id
18,0.008560659298537021,applic
19,0.008305117229923976,web
20,0.008049575161310931,custom
21,0.007985689644157669,pass
22,0.007730147575544624,header
23,0.007666262058391363,error
24,0.007602376541238101,chatter
25,0.00753849102408484,work
26,0.007282948955471795,php
27,0.007027406886858749,client
28,0.007027406886858749,call
29,0.006644093783939181,lead
