,Prob,Word
0,0.16600529100529102,field
1,0.08512849584278155,custom
2,0.05848450491307634,creat
3,0.047619047619047616,save
4,0.04062736205593349,imag
5,0.03524187452758881,input
6,0.02239229024943311,put
7,0.020219198790627363,exist
8,0.01946334089191232,valid
9,0.01927437641723356,refer
10,0.01889644746787604,requir
11,0.016912320483749056,entri
12,0.015306122448979591,manual
13,0.01407785336356765,add
14,0.013699924414210128,enter
15,0.013227513227513227,default
16,0.013133030990173848,mode
17,0.012755102040816327,valu
18,0.012377173091458806,check
19,0.010770975056689343,empti
20,0.010487528344671202,build
21,0.008314436885865457,pictur
22,0.008219954648526076,make
23,0.008030990173847317,replac
24,0.007747543461829176,modifi
25,0.007558578987150416,chang
26,0.006519274376417234,word
27,0.006519274376417234,true
28,0.005952380952380952,note
29,0.005763416477702192,fill
