,Prob,Word
0,0.05052692964552006,api
1,0.030699379347690257,email
2,0.025617528220935562,url
3,0.02157704002999125,request
4,0.02157704002999125,error
5,0.02086891323364019,send
6,0.01487066272337235,crm
7,0.014829008205939935,respons
8,0.014329153996750948,post
9,0.012954554921481235,contact
10,0.012829591369183989,im
11,0.012829591369183989,account
12,0.010080393218644563,paramet
13,0.00983046611405007,json
14,0.009747157079185238,rest
15,0.009497229974590744,work
16,0.009330611904861083,login
17,0.009122339317699004,token
18,0.008247594451618278,receiv
19,0.008164285416753446,id
20,0.008164285416753446,messag
21,0.007997667347023785,return
22,0.007914358312158953,mail
23,0.007456158620402382,address
24,0.006872995376348565,header
25,0.006789686341483734,integr
26,0.006498104719456825,chatter
27,0.006456450202024409,configur
28,0.006414795684591994,xml
29,0.006289832132294748,server
