,Prob,Word
0,0.05985758789497107,tabl
1,0.05236611778667853,datasourc
2,0.040646788310339715,widget
3,0.02544132917964694,bind
4,0.025367156208277702,select
5,0.025144637294170005,page
6,0.025070464322800773,model
7,0.021213469811600653,dropdown
8,0.020620086040646787,filter
9,0.01921079958463136,queri
10,0.019062453641892893,option
11,0.018098205014092865,row
12,0.017430648271769766,relat
13,0.016466399643969738,field
14,0.014908767245215844,item
15,0.014092864560154279,load
16,0.01387034564604658,event
17,0.01238688621866192,record
18,0.011941848390446522,display
19,0.011719329476338821,project
20,0.009865005192107996,valu
21,0.008159026850615635,drop
22,0.007936507936507936,properti
23,0.007713989022400237,work
24,0.007713989022400237,label
25,0.007639816051031004,base
26,0.007417297136923305,show
27,0.007194778222815606,click
28,0.006898086337338674,entri
29,0.0068239133659694405,suggest
