,Prob,Word
0,0.08000791504518172,api
1,0.06668425565595937,file
2,0.04861156915770728,email
3,0.040564606556295756,url
4,0.03416661170107513,request
5,0.03304531363366533,send
6,0.023547259415605832,crm
7,0.023481300705758195,respons
8,0.02268979618758657,post
9,0.01925994327550953,document
10,0.018204603917947364,paramet
11,0.017479058109623375,upload
12,0.01556625552404195,json
13,0.01543433810434668,rest
14,0.013257700679374712,integr
15,0.012861948420288899,header
16,0.012532154871050723,mail
17,0.01226832003166018,lead
18,0.011872567772574368,approv
19,0.011740650352879098,attach
20,0.010619352285469296,pass
21,0.010289558736231118,chatter
22,0.010157641316535848,xml
23,0.008838467119583141,messag
24,0.008442714860497328,php
25,0.008310797440802058,receiv
26,0.00798100389156388,bodi
27,0.007651210342325704,format
28,0.007453334212782798,creator
29,0.007453334212782798,websit
