,Prob,Word
0,0.08813064501414104,api
1,0.03840890429705319,url
2,0.0329349511905848,request
3,0.028373323601861143,crm
4,0.026457440014597208,respons
5,0.021895812425873552,call
6,0.021074719459903295,data
7,0.018155277803120155,json
8,0.016969254630052003,rest
9,0.01660432442295411,post
10,0.016513091871179636,error
11,0.014962138491013594,im
12,0.01487090593923912,paramet
13,0.014414743180366755,work
14,0.011768999178907034,method
15,0.01167776662713256,return
16,0.011221603868260195,xml
17,0.010856673661162303,integr
18,0.010400510902289937,access
19,0.01021804579874099,php
20,0.00957941793631968,token
21,0.00930572028099626,creat
22,0.00903202262567284,pass
23,0.008302162211477055,applic
24,0.008302162211477055,header
25,0.007389836693732324,lead
26,0.007116139038408904,custom
27,0.007024906486634432,http
28,0.006568743727762065,web
29,0.006568743727762065,retriev
