,Prob,Word
0,0.026603159851301114,deploy
1,0.026022304832713755,project
2,0.024512081784386616,test
3,0.02300185873605948,issu
4,0.022769516728624536,error
5,0.021259293680297397,applic
6,0.020678438661710038,work
7,0.01742565055762082,develop
8,0.01591542750929368,calendar
9,0.015566914498141264,creat
10,0.014405204460966542,run
11,0.013359665427509293,version
12,0.012430297397769517,mobil
13,0.012081784386617101,event
14,0.011384758364312268,publish
15,0.011152416356877323,instal
16,0.010803903345724907,find
17,0.010571561338289962,preview
18,0.00929368029739777,instanc
19,0.008828996282527882,load
20,0.008596654275092937,packag
21,0.008596654275092937,tool
22,0.007783457249070632,web
23,0.00766728624535316,time
24,0.007318773234200744,browser
25,0.00662174721189591,org
26,0.006505576208178439,manag
27,0.006505576208178439,app
28,0.006157063197026022,link
29,0.0060408921933085506,consol
