,Prob,Word
0,0.04520553050348452,api
1,0.02713077181082995,access
2,0.02400029814034957,applic
3,0.022919539373159915,url
4,0.020497149032907242,custom
5,0.019304587634629,request
6,0.018223828867439347,account
7,0.016621324488502964,document
8,0.016099578876756233,imag
9,0.01375172362389595,servic
10,0.01330451309954161,crm
11,0.013267245555845414,respons
12,0.013192710468453024,paramet
13,0.012820035031491074,post
14,0.012298289419744344,web
15,0.01203741661387098,develop
16,0.011627473633212836,contact
17,0.011180263108858494,deploy
18,0.00987589907949167,upload
19,0.00905601311817538,integr
20,0.008795140312302016,json
21,0.008720605224909627,rest
22,0.00838519733164387,link
23,0.008310662244251482,login
24,0.008273394700555286,requir
25,0.008198859613162897,method
26,0.008161592069466702,token
27,0.007751649088808556,domain
28,0.007267171020758022,header
29,0.006819960496403682,retriev
