,Prob,Word
0,0.06058364159473901,email
1,0.04315659679408138,case
2,0.04118372379778052,send
3,0.039539662967529796,link
4,0.03551171393341554,imag
5,0.034936292642827785,id
6,0.02934648581997534,inform
7,0.025565145910398684,add
8,0.02367447595561036,creat
9,0.022112618166872173,flow
10,0.019646526921496096,specif
11,0.019071105630908344,task
12,0.0187422934648582,view
13,0.01792026304973284,address
14,0.0166872174270448,assign
15,0.014960953555281545,templat
16,0.014796547472256474,approv
17,0.014303329223181258,detail
18,0.01405672009864365,complet
19,0.013727907932593505,activ
20,0.01117961364570489,manag
21,0.010933004521167283,statu
22,0.010357583230579531,directori
23,0.009864364981504316,receiv
24,0.0093711467324291,achiev
25,0.009288943690916564,owner
26,0.009206740649404029,pull
27,0.00896013152486642,idea
28,0.008384710234278668,includ
29,0.008302507192766132,peopl
