,Prob,Word
0,0.04985234144283504,widget
1,0.038461538461538464,event
2,0.034242722542539725,project
3,0.027351989874841793,add
4,0.02306286035719308,refer
5,0.02250035156799325,chang
6,0.020320630009843903,detail
7,0.018844044438194346,multipl
8,0.017648713261144706,delet
9,0.016312754886795105,task
10,0.015750246097595275,array
11,0.015750246097595275,entiti
12,0.015117423709745465,work
13,0.015047110111095486,assign
14,0.014625228519195612,manag
15,0.014554914920545633,gener
16,0.013148642947546056,insid
17,0.013078329348896077,point
18,0.012937702151596118,achiev
19,0.012515820559696245,creat
20,0.01216425256644635,exist
21,0.011742370974546477,activ
22,0.01160174377724652,check
23,0.011390802981296582,ui
24,0.010687666994796794,advanc
25,0.01026578540289692,implement
26,0.01026578540289692,complet
27,0.009843903810997047,remov
28,0.009422022219097173,statu
29,0.009281395021797216,build
