,Prob,Word
0,0.07975016436554898,api
1,0.04043392504930966,url
2,0.03405654174884944,request
3,0.02347140039447732,crm
4,0.023405654174884945,respons
5,0.022682445759368838,account
6,0.022616699539776464,post
7,0.02123602892833662,paramet
8,0.020512820512820513,contact
9,0.01630506245890861,access
10,0.01591058514135437,integr
11,0.015581854043392506,web
12,0.015516107823800132,json
13,0.015384615384615385,rest
14,0.01472715318869165,login
15,0.014398422090729782,token
16,0.014201183431952662,applic
17,0.012557527942143328,format
18,0.012557527942143328,pass
19,0.01222879684418146,lead
20,0.012031558185404339,retriev
21,0.011176857330703484,header
22,0.010650887573964497,return
23,0.010256410256410256,chatter
24,0.010190664036817882,fetch
25,0.01012491781722551,xml
26,0.009861932938856016,success
27,0.00953320184089415,develop
28,0.008941485864562788,method
29,0.008481262327416174,php
