,Prob,Word
0,0.09612740604949588,user
1,0.08489917506874427,page
2,0.02841429880843263,creat
3,0.023258478460128323,link
4,0.02280018331805683,access
5,0.02045142071494042,open
6,0.019477543538038496,applic
7,0.017529789184234645,load
8,0.015639321723189735,drive
9,0.015410174152153988,add
10,0.015066452795600366,develop
11,0.01500916590284143,click
12,0.013118698441796518,deploy
13,0.012946837763519707,specif
14,0.011342804766269478,group
15,0.011170944087992667,consol
16,0.01094179651695692,tab
17,0.010311640696608617,manag
18,0.010254353803849679,log
19,0.010025206232813931,commun
20,0.008764894592117323,browser
21,0.00813473877176902,view
22,0.008077451879010083,admin
23,0.007676443629697525,enabl
24,0.0076191567369385885,requir
25,0.007561869844179652,issu
26,0.007390009165902841,share
27,0.007275435380384968,refresh
28,0.007275435380384968,permiss
29,0.006931714023831348,picker
