,Prob,Word
0,0.08670686190066035,api
1,0.03265862761986793,request
2,0.02935687625610106,url
3,0.0256244616709733,crm
4,0.02555268446741315,respons
5,0.018805627332759117,post
6,0.016939420040195233,json
7,0.016652311225954636,rest
8,0.015862761986792994,im
9,0.015862761986792994,paramet
10,0.012417456215905828,token
11,0.01227390180878553,error
12,0.01119724375538329,return
13,0.011053689348262992,xml
14,0.010694803330462245,method
15,0.010407694516221647,pass
16,0.010120585701981051,header
17,0.00904392764857881,access
18,0.008900373241458513,integr
19,0.008756818834338214,php
20,0.008254378409417168,web
21,0.00811082400229687,work
22,0.007895492391616422,http
23,0.007680160780935975,document
24,0.007249497559575079,send
25,0.0070341659488946315,applic
26,0.006531725523973586,creator
27,0.006459948320413436,custom
28,0.006316393913293138,bodi
29,0.006316393913293138,lead
