,Prob,Word
0,0.07583864992796872,email
1,0.041160732661041366,send
2,0.02202099197365713,messag
3,0.01955134801399465,mail
4,0.01893393702407903,error
5,0.018522329697468615,approv
6,0.018213624202510804,address
7,0.016155587569458736,event
8,0.01594978390615353,calendar
9,0.013891747273101461,templat
10,0.013788845441448858,flow
11,0.012759827124922823,receiv
12,0.010907594155175962,work
13,0.010495986828565548,account
14,0.010290183165260341,configur
15,0.010084379501955135,server
16,0.009672772175344721,domain
17,0.009158263017081704,creat
18,0.008540852027166083,integr
19,0.008335048363860877,trigger
20,0.008232146532208273,problem
21,0.008232146532208273,connect
22,0.007923441037250463,set
23,0.007408931878987446,im
24,0.007408931878987446,ive
25,0.006894422720724429,notif
26,0.006482815394114015,step
27,0.006482815394114015,request
28,0.005968306235850998,smtp
29,0.005865404404198395,task
