,Prob,Word
0,0.023112867312697963,email
1,0.022830620629096497,access
2,0.020196318248816132,applic
3,0.01859692037507448,sql
4,0.018126509235738702,user
5,0.017969705522626774,connect
6,0.017530655125913383,databas
7,0.017028883243955215,error
8,0.015711732053815035,send
9,0.015335403142346412,account
10,0.01361056229811522,creat
11,0.012889265217800358,app
12,0.011572114027660174,servic
13,0.011227145858813938,cloud
14,0.011164424373569166,server
15,0.010098159124408066,develop
16,0.00953366575720513,messag
17,0.00940822278671559,deploy
18,0.00934550130147082,set
19,0.009031893875246966,power
20,0.008436039765421646,flow
21,0.008122432339197792,manag
22,0.008059710853953022,log
23,0.007965628626085866,work
24,0.0076520211998620125,group
25,0.007212970803148619,custom
26,0.007024806347414307,login
27,0.006962084862169536,step
28,0.006962084862169536,support
29,0.00680528114905761,address
