,Prob,Word
0,0.07419131467009596,user
1,0.03867840538134336,creat
2,0.03739242259372836,custom
3,0.028538925709763577,access
4,0.02710456029280839,applic
5,0.02562073399940647,connect
6,0.021268176872094174,account
7,0.016767237115441685,app
8,0.014689880304679,servic
9,0.013057671381936888,develop
10,0.012760906123256505,power
11,0.011376001582748046,manag
12,0.011326540706301316,deploy
13,0.011326540706301316,flow
14,0.011128697200514393,log
15,0.010584627559600357,set
16,0.009892175289346126,login
17,0.009793253536452665,group
18,0.008705114254624592,token
19,0.008655653378177862,commun
20,0.008408348995944209,configur
21,0.008259966366604017,assign
22,0.00781481847858344,mail
23,0.0073202097141161345,connector
24,0.007171827084775942,azur
25,0.007171827084775942,step
26,0.007122366208329211,domain
27,0.007122366208329211,support
28,0.0069739835789890195,admin
29,0.006924522702542289,chatter
