,Prob,Word
0,0.04884566053869175,user
1,0.047563061137238134,access
2,0.03206498503634032,deploy
3,0.023086789226165028,applic
4,0.02297990594271056,group
5,0.0202009405728944,account
6,0.01881145788798632,admin
7,0.017528858486532708,permiss
8,0.017101325352714837,role
9,0.016139375801624625,creat
10,0.015391192817443352,project
11,0.015070542967079948,app
12,0.015070542967079948,publish
13,0.014322359982898675,error
14,0.012932877297990595,domain
15,0.01271911073108166,develop
16,0.01261222744762719,preview
17,0.012291577597263788,share
18,0.011543394613082514,enabl
19,0.011008978195810174,log
20,0.011008978195810174,set
21,0.010581445061992304,environ
22,0.010153911928174433,secur
23,0.00887131252672082,organ
24,0.008657545959811885,system
25,0.008550662676357419,check
26,0.00790936297563061,open
27,0.00790936297563061,work
28,0.007695596408721676,profil
29,0.0075887131252672085,view
