,Prob,Word
0,0.10739614994934144,file
1,0.03951367781155015,imag
2,0.03197118090735112,drive
3,0.029832263874817067,upload
4,0.02048857368006304,folder
5,0.018462231228188675,import
6,0.017336485421591805,attach
7,0.015197568389057751,sheet
8,0.015197568389057751,export
9,0.014071822582460881,document
10,0.013959248001801193,pdf
11,0.013396375098502758,picker
12,0.012495778453225262,excel
13,0.01103230890464933,chart
14,0.01024428684003152,save
15,0.009343690194754025,csv
16,0.008893391872115276,librari
17,0.008893391872115276,download
18,0.008780817291455589,spreadsheet
19,0.008668242710795903,convert
20,0.008443093549476529,pictur
21,0.008105369807497468,extens
22,0.00799279522683778,store
23,0.007767646065518406,content
24,0.007767646065518406,line
25,0.007542496904199032,problem
26,0.007542496904199032,team
27,0.00720477316221997,function
28,0.0070921985815602835,size
29,0.006416751097602162,refer
