,Prob,Word
0,0.07271811839171402,file
1,0.02855498813205783,imag
2,0.02366395741926203,drive
3,0.02006761130691218,document
4,0.019060634395454218,upload
5,0.016687045961303316,task
6,0.015464288283104366,report
7,0.014960799827375387,attach
8,0.013738042149176437,import
9,0.013378407537941452,case
10,0.01316262677120046,folder
11,0.012946846004459469,approv
12,0.011796015248507517,updat
13,0.011436380637272531,sheet
14,0.010213622959073581,picker
15,0.010069769114579586,export
16,0.009782061425591598,excel
17,0.00927857296986262,templat
18,0.009062792203121629,user
19,0.008918938358627634,pdf
20,0.008415449902898655,team
21,0.00805581529166367,view
22,0.007696180680428684,process
23,0.00755232683593469,flow
24,0.00755232683593469,save
25,0.00755232683593469,owner
26,0.007192692224699705,link
27,0.007120765302452708,creat
28,0.00683305761346472,convert
29,0.00683305761346472,add
