,Prob,Word
0,0.08329798965136992,api
1,0.07430655695987785,file
2,0.04156416998897277,url
3,0.03664432945966579,request
4,0.030791415726524725,document
5,0.025447451013656797,respons
6,0.023581304605988635,post
7,0.023157180422427686,drive
8,0.02044278564763763,upload
9,0.016880142505725677,json
10,0.015947069301891593,rest
11,0.01518364577148189,paramet
12,0.014929171261345322,token
13,0.013402324200525914,header
14,0.012978200016964968,format
15,0.01263890067011621,call
16,0.01263890067011621,applic
17,0.01255407583340402,retriev
18,0.012469250996691831,connector
19,0.011875477139706506,chatter
20,0.010433454915599287,xml
21,0.010433454915599287,convert
22,0.01009415556875053,azur
23,0.009670031385189584,pdf
24,0.009670031385189584,pass
25,0.009245907201628637,attach
26,0.008567308507931122,creator
27,0.008482483671218934,authent
28,0.008228009161082364,problem
29,0.008228009161082364,redirect
