,Prob,Word
0,0.12516263335935468,creat
1,0.1223870240263683,record
2,0.066701361783329,custom
3,0.052216150576806314,id
4,0.049527279035475755,object
5,0.03105212941278515,case
6,0.027062190996617226,crm
7,0.024286581663630843,contact
8,0.019602740914216325,integr
9,0.018648625206002255,find
10,0.018388411831034783,insert
11,0.01778124728944401,inform
12,0.015265851331425101,exist
13,0.01465868678983433,detail
14,0.014138260039899384,lead
15,0.013010668748373666,link
16,0.01092896174863388,achiev
17,0.010408534998698933,php
18,0.008933992540549917,success
19,0.008673779165582445,websit
20,0.007893139040680024,refer
21,0.0078064012490242,simpl
22,0.007372712290745077,modul
23,0.006939023332465956,fetch
24,0.006852285540810131,figur
25,0.006505334374186833,book
26,0.00624512099921936,uniqu
27,0.006071645415907711,note
28,0.005117529707693642,invoic
29,0.004510365166102871,relationship
