,Prob,Word
0,0.057660188278165804,error
1,0.04118584877011843,im
2,0.02797600971758275,email
3,0.02402824172487094,work
4,0.023344974187670817,url
5,0.019814758578803524,ive
6,0.019662921348314606,request
7,0.019017613118736714,send
8,0.017423322198603097,problem
9,0.016436380200425146,imag
10,0.015259641664136046,test
11,0.013513513513513514,respons
12,0.013171879744913453,run
13,0.013058001822046765,post
14,0.011843303978135438,contact
15,0.011539629517157608,messag
16,0.01070452474946857,check
17,0.010211053750379593,flow
18,0.010097175827512905,fine
19,0.010097175827512905,paramet
20,0.009262071059823868,group
21,0.008958396598846037,json
22,0.008882477983601578,version
23,0.008426966292134831,step
24,0.008426966292134831,find
25,0.008275129061645915,address
26,0.008275129061645915,wrong
27,0.007857576677801396,fail
28,0.007857576677801396,valid
29,0.00774369875493471,receiv
