,Prob,Word
0,0.04360172537742631,api
1,0.036340762041696624,file
2,0.026168224299065422,access
3,0.023148813803019412,applic
4,0.02135154565061107,sql
5,0.020740474478792237,user
6,0.02059669302659957,connect
7,0.020093457943925235,databas
8,0.01757728253055356,account
9,0.01563623292595255,document
10,0.014773544212796549,app
11,0.013263838964773544,servic
12,0.01286843997124371,cloud
13,0.012832494608195542,crm
14,0.011826024442846873,drive
15,0.011610352264557871,develop
16,0.010783608914450037,deploy
17,0.010352264557872035,power
18,0.009525521207764199,upload
19,0.009237958303378865,web
20,0.008734723220704529,integr
21,0.008554996405463694,provid
22,0.008411214953271028,rest
23,0.008231488138030194,import
24,0.00805176132278936,login
25,0.007979870596693027,support
26,0.007872034507548526,token
27,0.007476635514018692,domain
28,0.007081236520488857,set
29,0.00704529115744069,creat
