,Prob,Word
0,0.07712243776015079,api
1,0.03384905364014765,request
2,0.03165004319484803,url
3,0.02450325924762428,crm
4,0.023639362286970864,respons
5,0.019791094007696537,post
6,0.018848660959710987,data
7,0.018141836173721827,call
8,0.015628681379093692,json
9,0.014764784418440273,rest
10,0.013822351370454724,token
11,0.01154480483782298,integr
12,0.011387732663158722,paramet
13,0.011387732663158722,access
14,0.011230660488494464,im
15,0.010995052226498075,chatter
16,0.010916516139165947,method
17,0.010680907877169559,form
18,0.009895547003848268,error
19,0.00965993874185188,xml
20,0.009267258305191236,return
21,0.009110186130526977,applic
22,0.008638969606534203,header
23,0.008403361344537815,php
24,0.008324825257205687,work
25,0.00801068090787717,make
26,0.007853608733212912,lead
27,0.007775072645880782,client
28,0.007382392209220137,document
29,0.006754103510563104,retriev
