,Prob,Word
0,0.08599237407184428,file
1,0.02478426650612081,project
2,0.024182219546457957,upload
3,0.02398153722657034,document
4,0.023279149106963676,drive
5,0.016556291390728478,folder
6,0.01625526791089705,attach
7,0.015853903271121815,find
8,0.014649809351796108,report
9,0.013746738912301826,calendar
10,0.011739915713425647,add
11,0.011438892233594221,pdf
12,0.011238209913706602,approv
13,0.010937186433875175,gener
14,0.01053582179409994,work
15,0.010134457154324704,user
16,0.009933774834437087,picker
17,0.00963275135460566,import
18,0.009131045554886615,templat
19,0.008428657435279952,creat
20,0.008127633955448525,tool
21,0.007926951635560908,solut
22,0.00762592815572948,make
23,0.007525586995785672,csv
24,0.0070238811960666265,time
25,0.0067228577162352,extens
26,0.006522175396347582,team
27,0.006421834236403773,doc
28,0.0059201284366847285,refer
29,0.0059201284366847285,ive
