,Prob,Word
0,0.027512318948783036,email
1,0.02698969687919964,access
2,0.020419590861579812,connect
3,0.018851724652829624,applic
4,0.018702404061520083,send
5,0.018291772435418845,user
6,0.01825444228759146,account
7,0.01403613558309691,app
8,0.012766910556965806,servic
9,0.011161714200388233,error
10,0.011087053904733463,creat
11,0.010751082574286995,power
12,0.010079139913394057,custom
13,0.00989248917425713,develop
14,0.009780498730774974,server
15,0.009108556069882036,group
16,0.008996565626399881,url
17,0.008697924443780798,flow
18,0.008361953113334328,login
19,0.008175302374197401,token
20,0.008137972226370017,address
21,0.007913991339405704,messag
22,0.007764670748096163,integr
23,0.007764670748096163,domain
24,0.007690010452441391,configur
25,0.007279378826340152,set
26,0.007092728087203225,mail
27,0.007092728087203225,case
28,0.006831417052411528,admin
29,0.006794086904584142,connector
