,Prob,Word
0,0.045265972158200427,api
1,0.02876371346916198,email
2,0.02396976122430165,object
3,0.021895454964506317,custom
4,0.021019636765926063,send
5,0.01991334009403522,request
6,0.017792938139577764,creat
7,0.017700746750253526,url
8,0.01438185673458099,crm
9,0.013874804093297687,respons
10,0.013275560062690145,data
11,0.012906794505393197,contact
12,0.012814603116068959,post
13,0.012538028948096247,account
14,0.012353646169447773,document
15,0.011616115054853876,call
16,0.011293445192219047,id
17,0.009495713100396423,updat
18,0.009357426016410068,messag
19,0.009311330321747949,record
20,0.00926523462708583,flow
21,0.009173043237761594,json
22,0.008804277680464644,case
23,0.008665990596478289,rest
24,0.008527703512491934,integr
25,0.007513598229925325,lead
26,0.007144832672628377,method
27,0.007144832672628377,find
28,0.007006545588642021,trigger
29,0.006868258504655665,return
