,Prob,Word
0,0.036453794139744554,api
1,0.022148760330578512,email
2,0.01854244928625094,access
3,0.01827197595792637,url
4,0.01722013523666416,connect
5,0.015567242674680692,request
6,0.015146506386175807,applic
7,0.015056348610067619,send
8,0.014695717505634861,account
9,0.011269722013523666,user
10,0.011089406461307287,servic
11,0.01081893313298272,databas
12,0.010728775356874531,crm
13,0.010578512396694216,error
14,0.01033809166040571,post
15,0.009526671675432006,custom
16,0.00937640871525169,contact
17,0.009286250939143502,creat
18,0.009286250939143502,sql
19,0.008925619834710744,cloud
20,0.008655146506386175,power
21,0.007302779864763336,integr
22,0.00715251690458302,flow
23,0.007032306536438768,rest
24,0.007032306536438768,app
25,0.006731780616078137,login
26,0.00667167543200601,develop
27,0.006581517655897822,token
28,0.006311044327573253,server
29,0.006250939143501127,domain
