,Prob,Word
0,0.08632883703973751,api
1,0.03521691578563616,request
2,0.032154575282537366,url
3,0.026029894276339775,crm
4,0.025592417061611375,respons
5,0.017936565803864383,post
6,0.017134524243528983,json
7,0.017061611374407582,rest
8,0.015822092599343786,paramet
9,0.015457528253736785,token
10,0.013197229310973387,return
11,0.012686839227123587,error
12,0.01122858184469559,xml
13,0.011009843237331389,method
14,0.01064527889172439,integr
15,0.010572366022602989,access
16,0.01035362741523879,im
17,0.00940576011666059,header
18,0.008676631425446592,custom
19,0.008384979948960992,pass
20,0.008384979948960992,php
21,0.007437112650382793,document
22,0.007437112650382793,applic
23,0.007437112650382793,lead
24,0.007291286912139993,work
25,0.007291286912139993,web
26,0.007218374043018593,http
27,0.007145461173897193,call
28,0.006343419613561794,servic
29,0.0061246810061975935,authent
