,Prob,Word
0,0.049477465708687135,api
1,0.022003592423252775,url
2,0.021146309601567603,request
3,0.019309274983670802,im
4,0.01685989549314174,error
5,0.014573807968647942,crm
6,0.014532984977139125,respons
7,0.014043109079033311,post
8,0.011757021554539516,document
9,0.011552906596995427,paramet
10,0.010369039843239712,work
11,0.009715871979098628,return
12,0.009634225996080993,json
13,0.00951175702155454,rest
14,0.008940235140431092,token
15,0.008082952318745918,web
16,0.008001306335728282,string
17,0.007878837361201829,access
18,0.007797191378184193,format
19,0.007593076420640104,lead
20,0.007266492488569563,ive
21,0.007225669497060745,integr
22,0.0071440235140431095,pass
23,0.0071032005225342915,method
24,0.006817439581972567,id
25,0.006694970607446114,send
26,0.006450032658393207,receiv
27,0.006368386675375572,chatter
28,0.006286740692357936,xml
29,0.0062459177008491185,header
