,Prob,Word
0,0.07418052837573386,api
1,0.0376100782778865,url
2,0.031678082191780824,request
3,0.027274951076320938,document
4,0.02592954990215264,error
5,0.02183219178082192,crm
6,0.021771037181996085,respons
7,0.02164872798434442,paramet
8,0.020976027397260275,post
9,0.014860567514677103,integr
10,0.014432485322896281,json
11,0.014310176125244618,rest
12,0.01296477495107632,version
13,0.011925146771037181,header
14,0.01186399217221135,method
15,0.01186399217221135,pass
16,0.011680528375733855,format
17,0.011680528375733855,support
18,0.011374755381604696,lead
19,0.011007827788649706,approv
20,0.010579745596868884,return
21,0.01009050880626223,librari
22,0.009417808219178082,xml
23,0.008683953033268101,web
24,0.008500489236790606,provid
25,0.00788894324853229,php
26,0.007705479452054794,success
27,0.007399706457925636,bodi
28,0.007277397260273972,correct
29,0.007093933463796477,give
