,Prob,Word
0,0.06633423003739912,file
1,0.046519257266583555,widget
2,0.03589003346237123,event
3,0.030706646545502262,add
4,0.028738271766944427,chang
5,0.02722918443671675,button
6,0.02191457253461059,check
7,0.021520897578899023,drive
8,0.01876517288891805,action
9,0.017387310543927562,upload
10,0.015353323272751131,attach
11,0.015222098287513943,task
12,0.015025260809658159,import
13,0.014369135883472214,case
14,0.013844235942523457,refer
15,0.012138311134439998,automat
16,0.012007086149202808,folder
17,0.011350961223016862,remov
18,0.011088511252542484,achiev
19,0.010957286267305294,activ
20,0.010497998818975132,map
21,0.01016993635588216,calendar
22,0.009710648907551998,idea
23,0.009513811429696215,click
24,0.009382586444459025,picker
25,0.00931697395184043,resourc
26,0.00918574896660324,team
27,0.008988911488747458,find
28,0.00774227412899416,checkbox
29,0.0076110491437569715,onclick
