,Prob,Word
0,0.0749160817821178,api
1,0.03753433018004272,url
2,0.03280439426304547,request
3,0.02380225816295392,crm
4,0.022963075984131828,respons
5,0.021132133048519988,document
6,0.021132133048519988,post
7,0.019072322245956667,applic
8,0.01762282575526396,paramet
9,0.017241379310344827,integr
10,0.015181568507781507,access
11,0.015181568507781507,json
12,0.014342386328959414,rest
13,0.014266097039975587,web
14,0.013426914861153494,token
15,0.012435154104363747,lead
16,0.012053707659444614,header
17,0.011138236191638694,retriev
18,0.010680500457735734,chatter
19,0.010222764723832774,fetch
20,0.00961245041196216,system
21,0.00938358254501068,xml
22,0.0091547146780592,php
23,0.00823924321025328,success
24,0.008162953921269454,mobil
25,0.0080103753433018,websit
26,0.007934086054317974,find
27,0.00778150747635032,format
28,0.007705218187366494,creator
29,0.007628928898382667,authent
