,Prob,Word
0,0.11368487627480434,error
1,0.052731441220649856,email
2,0.0360502806545972,send
3,0.03383666693019211,run
4,0.03067436160961341,issu
5,0.027432998656020238,test
6,0.027195825756976835,work
7,0.021819906711993044,contact
8,0.021740849078978577,messag
9,0.01683927583208159,class
10,0.016364930033994782,fine
11,0.01517906553877777,fail
12,0.015020950272748834,execut
13,0.014625662107676496,server
14,0.014230373942604159,version
15,0.014072258676575224,receiv
16,0.013756028144517353,apex
17,0.013360739979445015,address
18,0.012491106016285872,mail
19,0.011384299154083326,domain
20,0.010593722823938652,enabl
21,0.009249743062692703,read
22,0.008617281998576963,configur
23,0.008538224365562496,check
24,0.007826705668432287,setup
25,0.007826705668432287,site
26,0.007589532769388885,instal
27,0.0071151869713020795,throw
28,0.0068780140722586765,problem
29,0.006798956439244209,complet
