,Prob,Word
0,0.0771205910176134,page
1,0.045497544934456506,file
2,0.02752376233163656,work
3,0.022073066354340285,link
4,0.02067660705437182,load
5,0.02004594801567638,document
6,0.018424253344745258,open
7,0.015631334744808326,web
8,0.014820487409342763,drive
9,0.012342898328753547,html
10,0.01202756880940583,add
11,0.011937474661020766,upload
12,0.011396909770710392,javascript
13,0.010901391954592549,consol
14,0.010811297806207487,gener
15,0.010405874138474706,version
16,0.010315779990089643,import
17,0.010270732915897113,tab
18,0.009865309248164332,time
19,0.009595026803009145,content
20,0.008964367764313709,idea
21,0.008874273615928645,browser
22,0.00864903824496599,problem
23,0.008558944096580928,templat
24,0.008378755799810803,click
25,0.008243614577233209,folder
26,0.008108473354655615,approv
27,0.007973332132078022,excel
28,0.007703049686922835,solut
29,0.007432767241767647,librari
