,Prob,Word
0,0.11649889516327032,file
1,0.04517554628038301,imag
2,0.03952860299533514,drive
3,0.032531303707341024,upload
4,0.02381536950650626,document
5,0.02221949423029708,folder
6,0.02136017677387675,import
7,0.019150503314510188,attach
8,0.016818070218512154,sheet
9,0.016695310581880677,export
10,0.015099435305671495,pdf
11,0.013626319666093789,picker
12,0.010925607660201326,excel
13,0.010434569113675423,csv
14,0.010066290203780998,convert
15,0.010066290203780998,download
16,0.009329732383992144,content
17,0.009329732383992144,link
18,0.008715934200834765,save
19,0.008224895654308863,team
20,0.007979376381045912,spreadsheet
21,0.007733857107782961,store
22,0.007611097471151486,pictur
23,0.00748833783452001,problem
24,0.007242818561257059,local
25,0.006997299287994108,error
26,0.006997299287994108,im
27,0.006874539651362632,creat
28,0.006260741468205254,size
29,0.006260741468205254,doc
