,Prob,Word
0,0.05090649655867047,api
1,0.04242907503777069,file
2,0.03092999832130267,email
3,0.03055229142185664,access
4,0.02702702702702703,applic
5,0.02560013429578647,url
6,0.024257176431089475,user
7,0.021739130434782608,request
8,0.01871747523921437,document
9,0.01724861507470203,app
10,0.015947624643276818,send
11,0.014436797045492698,post
12,0.013807285546415981,drive
13,0.013639415813328858,link
14,0.012086620782272956,power
15,0.011289239550109116,flow
16,0.01112136981702199,upload
17,0.01036595601812993,provid
18,0.010240053718314587,group
19,0.010198086285042807,integr
20,0.010114151418499244,web
21,0.010114151418499244,creat
22,0.009820379385596777,rest
23,0.009400705052878966,login
24,0.00919086788652006,token
25,0.008183649487997314,header
26,0.007722007722007722,admin
27,0.0076800402887359405,folder
28,0.00763807285546416,connector
29,0.007554137988920598,approv
