,Prob,Word
0,0.07012369172216937,email
1,0.04766888677450048,send
2,0.03977164605137964,account
3,0.03501427212178877,creat
4,0.029686013320647003,contact
5,0.028924833491912463,messag
6,0.020742150333016175,address
7,0.019410085632730733,receiv
8,0.019029495718363463,configur
9,0.01807802093244529,templat
10,0.01807802093244529,mail
11,0.017126546146527116,approv
12,0.013606089438629876,work
13,0.013415794481446242,case
14,0.013225499524262607,mode
15,0.011607992388201713,problem
16,0.011132254995242626,step
17,0.01065651760228354,owner
18,0.010085632730732635,gener
19,0.009990485252140819,set
20,0.009324452901998096,person
21,0.009324452901998096,comment
22,0.008943862987630828,achiev
23,0.00884871550903901,statu
24,0.008658420551855376,default
25,0.008563273073263558,manual
26,0.008372978116079923,rule
27,0.008277830637488107,provid
28,0.00818268315889629,workflow
29,0.007421503330161751,chang
