,Prob,Word
0,0.0986809965803615,error
1,0.05438853606904413,email
2,0.03053248656570591,send
3,0.02344894968246214,work
4,0.022634750040709983,messag
5,0.021983390327308255,function
6,0.01978505129457743,issu
7,0.01921511154535092,server
8,0.0165282527275688,run
9,0.015958312978342288,im
10,0.014655593551538837,fail
11,0.012864354339684091,mail
12,0.012538674482983228,problem
13,0.012375834554632797,valid
14,0.011887314769581502,test
15,0.011235955056179775,address
16,0.011073115127829344,receiv
17,0.009688975736850675,fine
18,0.009444715844325028,map
19,0.009444715844325028,ive
20,0.008874776095098518,read
21,0.008141996417521577,set
22,0.008141996417521577,configur
23,0.0077348965966454976,execut
24,0.007572056668295066,check
25,0.0073277967757694185,return
26,0.0073277967757694185,throw
27,0.006513597134017261,domain
28,0.006187917277316398,call
29,0.005780817456440319,version
