,Prob,Word
0,0.06196751455715599,list
1,0.05136377566656451,field
2,0.031933803248544286,select
3,0.030401471038921237,item
4,0.02549800796812749,dropdown
5,0.022801103279190927,valu
6,0.020104198590254366,column
7,0.019429972418020226,option
8,0.01918479926448054,sharepoint
9,0.01765246705485749,form
10,0.016120134845234446,text
11,0.015752375114924916,filter
12,0.015507201961385228,box
13,0.0145878026356114,galleri
14,0.014342629482071713,show
15,0.01391357646337726,set
16,0.012013484523444683,display
17,0.011707018081520073,screen
18,0.011461844927980386,user
19,0.010787618755746246,input
20,0.010665032178976403,search
21,0.010419859025436715,work
22,0.00962304627643273,data
23,0.008764940239043825,type
24,0.008458473797119215,im
25,0.00827459393196445,formula
26,0.008090714066809685,base
27,0.00796812749003984,properti
28,0.007845540913269998,drop
29,0.007539074471345388,lookup
