,Prob,Word
0,0.05151070079731431,api
1,0.025755350398657156,url
2,0.022660511959714646,request
3,0.01694292908099035,im
4,0.01694292908099035,file
5,0.016365925304238357,crm
6,0.016365925304238357,call
7,0.01578892152748636,respons
8,0.014425094418799833,post
9,0.013743180864456568,error
10,0.013480906420478389,document
11,0.013061267310113303,work
12,0.012746537977339488,data
13,0.01185480486781368,integr
14,0.011802349979018044,access
15,0.011225346202266052,return
16,0.010438522870331516,json
17,0.009861519093579522,rest
18,0.009232060428031893,token
19,0.009074695761644986,find
20,0.008812421317666807,paramet
21,0.007973143096936634,make
22,0.007553503986571549,applic
23,0.007343684431389006,chatter
24,0.006871590432228284,method
25,0.006871590432228284,web
26,0.006504406210658833,pass
27,0.006451951321863198,xml
28,0.00629458665547629,php
29,0.006189676877885019,header
