,Prob,Word
0,0.03594500088899425,api
1,0.029959106264446155,file
2,0.021543294020032005,access
3,0.019024476975048894,applic
4,0.018224382148995435,url
5,0.01712795590588514,user
6,0.016505659930065787,connect
7,0.015349967403544124,request
8,0.014846203994547502,send
9,0.014490606294079299,account
10,0.014135008593611095,email
11,0.013216381200734902,document
12,0.012179221241035975,app
13,0.011912522965684822,test
14,0.010934629289397263,servic
15,0.010579031588929057,crm
16,0.010549398447223374,respons
17,0.010282700171872222,web
18,0.010193800746755171,post
19,0.009749303621169917,drive
20,0.009571504770935815,develop
21,0.009186273928761927,error
22,0.009008475078527825,messag
23,0.008889942511705091,deploy
24,0.008534344811236888,power
25,0.007941681977123215,flow
26,0.007852782552006164,upload
27,0.007615717418360694,log
28,0.007319386001303858,provid
29,0.007200853434481124,integr
