,Prob,Word
0,0.08878014680181755,error
1,0.05219620179424444,work
2,0.04293370616334615,email
3,0.04019573575672842,im
4,0.02918559944075498,send
5,0.027496213445182337,problem
6,0.018641500640801584,ive
7,0.017709425608761504,messag
8,0.015554002097168822,fine
9,0.013573342654083654,wrong
10,0.013282069206571129,check
11,0.01304905044856111,run
12,0.01269952231154608,address
13,0.012058720727018525,fail
14,0.01188395665851101,receiv
15,0.011767447279506,valid
16,0.011359664452988466,correct
17,0.011068391005475941,templat
18,0.011068391005475941,mail
19,0.01048584411045089,approv
20,0.010019806594430851,fix
21,0.009553769078410813,find
22,0.008854712804380752,correctli
23,0.008854712804380752,document
24,0.008446929977863218,read
25,0.008330420598858208,version
26,0.008330420598858208,miss
27,0.008213911219853199,expect
28,0.007747873703833158,output
29,0.007689619014330654,null
