,Prob,Word
0,0.04608842473891564,email
1,0.028703645800762928,custom
2,0.025827027703082983,send
3,0.023450691013695204,field
4,0.02326308548558564,object
5,0.021824776436745668,updat
6,0.021387030204490027,record
7,0.01951097492339441,contact
8,0.018698017634919642,account
9,0.0164467512976049,case
10,0.014508160840472765,task
11,0.014070414608217122,id
12,0.014070414608217122,creat
13,0.012131824151084986,address
14,0.011819148270902382,mail
15,0.01163154274279282,lead
16,0.011318866862610218,trigger
17,0.011256331686573699,approv
18,0.010756050278281533,event
19,0.009692952285660684,calendar
20,0.008629854293039835,messag
21,0.008629854293039835,activ
22,0.008442248764930273,chang
23,0.007754361828528547,action
24,0.007566756300418986,check
25,0.007441685948345944,work
26,0.007066474892126822,owner
27,0.00687886936401726,configur
28,0.00687886936401726,add
29,0.00687886936401726,receiv
