,Prob,Word
0,0.048946584379655246,access
1,0.04011491806767397,user
2,0.029367950627793148,deploy
3,0.023622047244094488,applic
4,0.022238774207278145,group
5,0.0195786337518621,admin
6,0.017450521387529262,permiss
7,0.017024898914662693,role
8,0.016492870823579486,account
9,0.01564162587784635,develop
10,0.014364758459246648,manag
11,0.013726324749946797,creat
12,0.013619919131730156,publish
13,0.013513513513513514,set
14,0.013407107895296871,directori
15,0.013407107895296871,preview
16,0.013407107895296871,environ
17,0.012875079804213662,app
18,0.012555862949563738,domain
19,0.012023834858480529,enabl
20,0.011491806767397318,secur
21,0.010214939348797617,servic
22,0.00989572249414769,share
23,0.00978931687593105,error
24,0.008938071930197914,work
25,0.008831666311981273,organ
26,0.008406043839114705,check
27,0.008299638220898064,org
28,0.007661204511598212,log
29,0.007448393275164928,view
