,Prob,Word
0,0.04528458662235148,access
1,0.043415039468217696,user
2,0.03510594100540092,project
3,0.03095139177399252,deploy
4,0.023369339426672207,applic
5,0.02087660988782717,group
6,0.017968425425841296,admin
7,0.0169297881179892,permiss
8,0.0169297881179892,account
9,0.016618196925633568,role
10,0.015371832156211051,app
11,0.014437058579144162,creat
12,0.014229331117573744,publish
13,0.014125467386788533,develop
14,0.013190693809721645,manag
15,0.012982966348151225,directori
16,0.012567511425010386,log
17,0.012567511425010386,share
18,0.012359783963439968,preview
19,0.011113419194017449,domain
20,0.01080182800166182,set
21,0.010282509347735771,enabl
22,0.009867054424594932,secur
23,0.008620689655172414,packag
24,0.008516825924387204,environ
25,0.008101371001246365,organ
26,0.007893643539675945,im
27,0.007685916078105526,multipl
28,0.007478188616535106,option
29,0.0071665974241794765,assign
