,Prob,Word
0,0.13430720593044806,error
1,0.02550964787964679,work
2,0.02071296195355936,im
3,0.019186743704349724,test
4,0.017224463098223047,messag
5,0.016897416330535268,calendar
6,0.01493513572440859,version
7,0.014717104545950072,fail
8,0.014608088956720812,problem
9,0.013626948653657473,run
10,0.013081870707511174,valid
11,0.012863839529052654,fine
12,0.01079254333369672,line
13,0.010683527744467458,check
14,0.01035648097677968,wrong
15,0.00992041861986264,throw
16,0.008394200370653004,creat
17,0.007958138013735964,event
18,0.007849122424506704,ive
19,0.007849122424506704,time
20,0.0068679821214433666,add
21,0.0068679821214433666,execut
22,0.006758966532214107,instal
23,0.006758966532214107,command
24,0.006649950942984846,read
25,0.0063229041752970675,null
26,0.005995857407609288,receiv
27,0.005995857407609288,start
28,0.005995857407609288,give
29,0.005995857407609288,invalid
