,Prob,Word
0,0.08848105043270665,api
1,0.034318113995822144,request
2,0.032527603700387944,url
3,0.026633840644583705,crm
4,0.026037003879438973,respons
5,0.022008355714712026,post
6,0.017606684571769622,json
7,0.017457475380483437,rest
8,0.013727245598328858,im
9,0.013652641002685765,paramet
10,0.012458967472396299,error
11,0.012309758281110117,custom
12,0.011414503133393017,xml
13,0.011190689346463742,method
14,0.010892270963891375,integr
15,0.00969859743360191,token
16,0.009549388242315727,header
17,0.009549388242315727,pass
18,0.009101760668457177,return
19,0.008803342285884811,lead
20,0.008728737690241718,access
21,0.008654133094598627,php
22,0.008430319307669352,chatter
23,0.008206505520740077,http
24,0.008206505520740077,document
25,0.008206505520740077,work
26,0.00783348254252462,web
27,0.007236645777379887,send
28,0.007087436586093703,format
29,0.00693822739480752,form
