,Prob,Word
0,0.040130423877602205,access
1,0.03319120474876683,user
2,0.0254995401722264,project
3,0.02508151492350138,deploy
4,0.02399464927681632,applic
5,0.01872753114288103,app
6,0.01764066549619597,group
7,0.017473455396705962,account
8,0.015466934202825851,creat
9,0.015466934202825851,develop
10,0.015383329153080846,admin
11,0.013460413008945741,permiss
12,0.013376807959200735,role
13,0.01254075746175069,login
14,0.012457152412005686,manag
15,0.012122732213025667,environ
16,0.011788312014045649,publish
17,0.01036702616838057,domain
18,0.010032605969400551,custom
19,0.009949000919655547,share
20,0.009698185770420533,set
21,0.009614580720675529,secur
22,0.009530975670930524,preview
23,0.008778530223225483,enabl
24,0.008109689825265446,connect
25,0.007942479725775437,log
26,0.007440849427305409,token
27,0.007022824178580386,packag
28,0.0069392191288353815,organ
29,0.006688403979600368,servic
