,Prob,Word
0,0.09876334067423344,field
1,0.05652493082613361,form
2,0.037720932858998246,updat
3,0.029024789654977696,edit
4,0.028460105031339996,save
5,0.025919024224970354,creat
6,0.02445084420351234,imag
7,0.022192105708961546,im
8,0.021966231859506465,sharepoint
9,0.02106273646168615,input
10,0.018747529504771585,check
11,0.01750522333276865,inform
12,0.013044214806030833,submit
13,0.013044214806030833,chang
14,0.012761872494211983,put
15,0.011858377096391665,enter
16,0.011688971709300356,valid
17,0.010898413236207579,add
18,0.01055960246202496,excel
19,0.01044666553729742,requir
20,0.010164323225478571,entri
21,0.0101078547631148,lookup
22,0.009825512451295952,automat
23,0.009373764752385792,manual
24,0.008018521655655317,make
25,0.007849116268564008,mode
26,0.007679710881472697,figur
27,0.007623242419108928,fill
28,0.007566773956745158,wrong
29,0.007510305494381388,statu
