,Prob,Word
0,0.04112493722448524,email
1,0.03029964845711735,time
2,0.027174822833547236,project
3,0.02706322191841973,link
4,0.02505440544612466,applic
5,0.02092517158640701,send
6,0.018358350538474417,ive
7,0.018358350538474417,drive
8,0.016740137269125606,deploy
9,0.016628536353998104,idea
10,0.016405334523743095,im
11,0.01567992857541432,work
12,0.01406171530606551,find
13,0.012778304782099213,import
14,0.01216449974889794,address
15,0.012108699291334188,manag
16,0.011550694715696669,function
17,0.011439093800569164,answer
18,0.011104291055186653,question
19,0.010936889682495397,solut
20,0.010602086937112884,templat
21,0.010323084649294123,develop
22,0.010155683276602868,start
23,0.010044082361475365,approv
24,0.009820880531220356,build
25,0.009765080073656604,thing
26,0.008872272752636572,advanc
27,0.008872272752636572,sheet
28,0.007923664974052787,picker
29,0.007867864516489036,publish
