,Prob,Word
0,0.06024934187652113,api
1,0.04028212387622312,compon
2,0.03054686335866488,url
3,0.028063378532757165,custom
4,0.025728902796403913,request
5,0.023791784632195896,method
6,0.018526796801271544,test
7,0.017732081656981077,crm
8,0.017682411960462923,respons
9,0.017235384691799534,web
10,0.01708637560224507,post
11,0.013907515025083196,class
12,0.012069736253911488,integr
13,0.01172204837828441,json
14,0.0116227089852481,rest
15,0.011473699895693638,apex
16,0.011324690806139175,tab
17,0.010877663537475785,token
18,0.01067898475140317,pass
19,0.010132618089703472,call
20,0.009784930214076393,browser
21,0.009735260517558238,paramet
22,0.009685590821040084,header
23,0.009337902945413003,commun
24,0.009238563552376695,lead
25,0.008692196890676998,link
26,0.008443848408086227,retriev
27,0.007947151442904685,work
28,0.007748472656832066,chatter
29,0.0076491332637957585,xml
